run_key,seed,epoch,metric,value
no_gate_config1_L4,42,0,train_loss_no_gate,5.859825898782682
no_gate_config1_L4,42,1,train_loss_no_gate,4.886003212403443
no_gate_config1_L4,42,2,train_loss_no_gate,4.416696652770042
no_gate_config1_L4,42,3,train_loss_no_gate,4.0751948990559175
no_gate_config1_L4,42,4,train_loss_no_gate,3.7984626747794072
no_gate_config1_L4,42,5,train_loss_no_gate,3.562682909228034
no_gate_config1_L4,42,0,val_loss_no_gate,5.298576181217776
no_gate_config1_L4,42,1,val_loss_no_gate,4.987808635679342
no_gate_config1_L4,42,2,val_loss_no_gate,4.883141033730264
no_gate_config1_L4,42,3,val_loss_no_gate,4.874088134806035
no_gate_config1_L4,42,4,val_loss_no_gate,4.884445958218332
no_gate_config1_L4,42,5,val_loss_no_gate,4.959432339264175
no_gate_config1_L4,42,0,train_ppl_no_gate,350.66308783462904
no_gate_config1_L4,42,1,train_ppl_no_gate,132.42324736312813
no_gate_config1_L4,42,2,train_ppl_no_gate,82.82224235308541
no_gate_config1_L4,42,3,train_ppl_no_gate,58.86195160926361
no_gate_config1_L4,42,4,train_ppl_no_gate,44.63251703062388
no_gate_config1_L4,42,5,train_ppl_no_gate,35.257663476846915
no_gate_config1_L4,42,0,val_ppl_no_gate,200.05176963302904
no_gate_config1_L4,42,1,val_ppl_no_gate,146.61478480233083
no_gate_config1_L4,42,2,val_ppl_no_gate,132.0447702616122
no_gate_config1_L4,42,3,val_ppl_no_gate,130.8547768750312
no_gate_config1_L4,42,4,val_ppl_no_gate,132.21719118952643
no_gate_config1_L4,42,5,val_ppl_no_gate,142.5128739681599
no_gate_config1_L4,113,0,train_loss_no_gate,5.865330407932653
no_gate_config1_L4,113,1,train_loss_no_gate,4.893586901537443
no_gate_config1_L4,113,2,train_loss_no_gate,4.422488640425569
no_gate_config1_L4,113,3,train_loss_no_gate,4.079124671296548
no_gate_config1_L4,113,4,train_loss_no_gate,3.802503102411658
no_gate_config1_L4,113,5,train_loss_no_gate,3.562104418873787
no_gate_config1_L4,113,0,val_loss_no_gate,5.31773140066761
no_gate_config1_L4,113,1,val_loss_no_gate,4.999110897718849
no_gate_config1_L4,113,2,val_loss_no_gate,4.905256384510105
no_gate_config1_L4,113,3,val_loss_no_gate,4.878445520239361
no_gate_config1_L4,113,4,val_loss_no_gate,4.916260907205484
no_gate_config1_L4,113,5,val_loss_no_gate,4.967944698818659
no_gate_config1_L4,113,0,train_ppl_no_gate,352.5986382504578
no_gate_config1_L4,113,1,train_ppl_no_gate,133.43132173518725
no_gate_config1_L4,113,2,train_ppl_no_gate,83.3033396683012
no_gate_config1_L4,113,3,train_ppl_no_gate,59.09372077447325
no_gate_config1_L4,113,4,train_ppl_no_gate,44.813216291046736
no_gate_config1_L4,113,5,train_ppl_no_gate,35.23727315698259
no_gate_config1_L4,113,0,val_ppl_no_gate,203.92074239245247
no_gate_config1_L4,113,1,val_ppl_no_gate,148.28126326739837
no_gate_config1_L4,113,2,val_ppl_no_gate,134.9975168425138
no_gate_config1_L4,113,3,val_ppl_no_gate,131.42620563721613
no_gate_config1_L4,113,4,val_ppl_no_gate,136.49130421423013
no_gate_config1_L4,113,5,val_ppl_no_gate,143.73117273458
no_gate_config1_L4,192,0,train_loss_no_gate,5.864169765579498
no_gate_config1_L4,192,1,train_loss_no_gate,4.898803826358359
no_gate_config1_L4,192,2,train_loss_no_gate,4.4272671696745745
no_gate_config1_L4,192,3,train_loss_no_gate,4.085940005541858
no_gate_config1_L4,192,4,train_loss_no_gate,3.810120222048234
no_gate_config1_L4,192,5,train_loss_no_gate,3.572293305296009
no_gate_config1_L4,192,0,val_loss_no_gate,5.307896690853571
no_gate_config1_L4,192,1,val_loss_no_gate,4.988860261642326
no_gate_config1_L4,192,2,val_loss_no_gate,4.887319414292351
no_gate_config1_L4,192,3,val_loss_no_gate,4.86467506622864
no_gate_config1_L4,192,4,val_loss_no_gate,4.88974871928409
no_gate_config1_L4,192,5,val_loss_no_gate,4.961683775408793
no_gate_config1_L4,192,0,train_ppl_no_gate,352.1896347365536
no_gate_config1_L4,192,1,train_ppl_no_gate,134.12924182485477
no_gate_config1_L4,192,2,train_ppl_no_gate,83.70235971865706
no_gate_config1_L4,192,3,train_ppl_no_gate,59.49783977213727
no_gate_config1_L4,192,4,train_ppl_no_gate,45.15586727085831
no_gate_config1_L4,192,5,train_ppl_no_gate,35.598137009541624
no_gate_config1_L4,192,0,val_ppl_no_gate,201.9250705778906
no_gate_config1_L4,192,1,val_ppl_no_gate,146.7690498169165
no_gate_config1_L4,192,2,val_ppl_no_gate,132.59765784596746
no_gate_config1_L4,192,3,val_ppl_no_gate,129.62881098940443
no_gate_config1_L4,192,4,val_ppl_no_gate,132.920169579138
no_gate_config1_L4,192,5,val_ppl_no_gate,142.83409407127277
no_gate_config2_L4,42,0,train_loss_no_gate,5.85130234845614
no_gate_config2_L4,42,1,train_loss_no_gate,4.874234046471321
no_gate_config2_L4,42,2,train_loss_no_gate,4.4010735164254395
no_gate_config2_L4,42,3,train_loss_no_gate,4.054368763909501
no_gate_config2_L4,42,4,train_loss_no_gate,3.770859983512911
no_gate_config2_L4,42,5,train_loss_no_gate,3.5285850943902792
no_gate_config2_L4,42,0,val_loss_no_gate,5.295169670703047
no_gate_config2_L4,42,1,val_loss_no_gate,4.977243579040139
no_gate_config2_L4,42,2,val_loss_no_gate,4.889993743371155
no_gate_config2_L4,42,3,val_loss_no_gate,4.873668230186074
no_gate_config2_L4,42,4,val_loss_no_gate,4.896530827223244
no_gate_config2_L4,42,5,val_loss_no_gate,4.9739330421059815
no_gate_config2_L4,42,0,train_ppl_no_gate,347.68689524006055
no_gate_config2_L4,42,1,train_ppl_no_gate,130.87387150646654
no_gate_config2_L4,42,2,train_ppl_no_gate,81.53835446066378
no_gate_config2_L4,42,3,train_ppl_no_gate,57.64876152956203
no_gate_config2_L4,42,4,train_ppl_no_gate,43.41738702233177
no_gate_config2_L4,42,5,train_ppl_no_gate,34.0757195628192
no_gate_config2_L4,42,0,val_ppl_no_gate,199.37145059115508
no_gate_config2_L4,42,1,val_ppl_no_gate,145.07394515820988
no_gate_config2_L4,42,2,val_ppl_no_gate,132.95274221271862
no_gate_config2_L4,42,3,val_ppl_no_gate,130.7998418842128
no_gate_config2_L4,42,4,val_ppl_no_gate,133.82471240286293
no_gate_config2_L4,42,5,val_ppl_no_gate,144.59446660821402
no_gate_config2_L4,113,0,train_loss_no_gate,5.8555373352462965
no_gate_config2_L4,113,1,train_loss_no_gate,4.8826701329168625
no_gate_config2_L4,113,2,train_loss_no_gate,4.41129460905568
no_gate_config2_L4,113,3,train_loss_no_gate,4.065784656900471
no_gate_config2_L4,113,4,train_loss_no_gate,3.7852830023078594
no_gate_config2_L4,113,5,train_loss_no_gate,3.541640304155269
no_gate_config2_L4,113,0,val_loss_no_gate,5.307653673624588
no_gate_config2_L4,113,1,val_loss_no_gate,4.995539756144508
no_gate_config2_L4,113,2,val_loss_no_gate,4.902142922757036
no_gate_config2_L4,113,3,val_loss_no_gate,4.877768751928362
no_gate_config2_L4,113,4,val_loss_no_gate,4.927066548395965
no_gate_config2_L4,113,5,val_loss_no_gate,4.9812968504630915
no_gate_config2_L4,113,0,train_ppl_no_gate,349.1624669564981
no_gate_config2_L4,113,1,train_ppl_no_gate,131.98260490989665
no_gate_config2_L4,113,2,train_ppl_no_gate,82.37603926874993
no_gate_config2_L4,113,3,train_ppl_no_gate,58.310644426229125
no_gate_config2_L4,113,4,train_ppl_no_gate,44.048134518727714
no_gate_config2_L4,113,5,train_ppl_no_gate,34.52350181529571
no_gate_config2_L4,113,0,val_ppl_no_gate,201.8760052688758
no_gate_config2_L4,113,1,val_ppl_no_gate,147.75267427826583
no_gate_config2_L4,113,2,val_ppl_no_gate,134.57786086747873
no_gate_config2_L4,113,3,val_ppl_no_gate,131.33729063682702
no_gate_config2_L4,113,4,val_ppl_no_gate,137.97417754318974
no_gate_config2_L4,113,5,val_ppl_no_gate,145.6631625566682
no_gate_config2_L4,192,0,train_loss_no_gate,5.854427115644439
no_gate_config2_L4,192,1,train_loss_no_gate,4.883458737094523
no_gate_config2_L4,192,2,train_loss_no_gate,4.41098735771947
no_gate_config2_L4,192,3,train_loss_no_gate,4.067398448111647
no_gate_config2_L4,192,4,train_loss_no_gate,3.7863654040936696
no_gate_config2_L4,192,5,train_loss_no_gate,3.5443607327544084
no_gate_config2_L4,192,0,val_loss_no_gate,5.291356524168434
no_gate_config2_L4,192,1,val_loss_no_gate,4.98015902001979
no_gate_config2_L4,192,2,val_loss_no_gate,4.880230257066629
no_gate_config2_L4,192,3,val_loss_no_gate,4.870120686999822
no_gate_config2_L4,192,4,val_loss_no_gate,4.89640158212791
no_gate_config2_L4,192,5,val_loss_no_gate,4.987856321415658
no_gate_config2_L4,192,0,train_ppl_no_gate,348.7750350484948
no_gate_config2_L4,192,1,train_ppl_no_gate,132.0867279940606
no_gate_config2_L4,192,2,train_ppl_no_gate,82.35073300850308
no_gate_config2_L4,192,3,train_ppl_no_gate,58.40482160243286
no_gate_config2_L4,192,4,train_ppl_no_gate,44.09583811076156
no_gate_config2_L4,192,5,train_ppl_no_gate,34.61754840248808
no_gate_config2_L4,192,0,val_ppl_no_gate,198.61266563374775
no_gate_config2_L4,192,1,val_ppl_no_gate,145.49751683208896
no_gate_config2_L4,192,2,val_ppl_no_gate,131.660976266061
no_gate_config2_L4,192,3,val_ppl_no_gate,130.33664588605635
no_gate_config2_L4,192,4,val_ppl_no_gate,133.807417332826
no_gate_config2_L4,192,5,val_ppl_no_gate,146.62177640299743
no_gate_config3_L4,42,0,train_loss_no_gate,5.8930393717551635
no_gate_config3_L4,42,1,train_loss_no_gate,4.89207654635785
no_gate_config3_L4,42,2,train_loss_no_gate,4.421478316061577
no_gate_config3_L4,42,3,train_loss_no_gate,4.084246341707343
no_gate_config3_L4,42,4,train_loss_no_gate,3.8121823047177266
no_gate_config3_L4,42,5,train_loss_no_gate,3.5801624489032617
no_gate_config3_L4,42,0,val_loss_no_gate,5.310875054133141
no_gate_config3_L4,42,1,val_loss_no_gate,4.9829474485526655
no_gate_config3_L4,42,2,val_loss_no_gate,4.887092005398314
no_gate_config3_L4,42,3,val_loss_no_gate,4.871498607983024
no_gate_config3_L4,42,4,val_loss_no_gate,4.884990052651551
no_gate_config3_L4,42,5,val_loss_no_gate,4.951845925743297
no_gate_config3_L4,42,0,train_ppl_no_gate,362.5054003696331
no_gate_config3_L4,42,1,train_ppl_no_gate,133.22994516064202
no_gate_config3_L4,42,2,train_ppl_no_gate,83.21921877648128
no_gate_config3_L4,42,3,train_ppl_no_gate,59.39715571922061
no_gate_config3_L4,42,4,train_ppl_no_gate,45.24907847375723
no_gate_config3_L4,42,5,train_ppl_no_gate,35.87936893780014
no_gate_config3_L4,42,0,val_ppl_no_gate,202.52737328622462
no_gate_config3_L4,42,1,val_ppl_no_gate,145.9037924314789
no_gate_config3_L4,42,2,val_ppl_no_gate,132.56750738761588
no_gate_config3_L4,42,3,val_ppl_no_gate,130.51636327504823
no_gate_config3_L4,42,4,val_ppl_no_gate,132.2891494014846
no_gate_config3_L4,42,5,val_ppl_no_gate,141.43580309249262
no_gate_config3_L4,113,0,train_loss_no_gate,5.894623088382058
no_gate_config3_L4,113,1,train_loss_no_gate,4.889254106177112
no_gate_config3_L4,113,2,train_loss_no_gate,4.419635352568101
no_gate_config3_L4,113,3,train_loss_no_gate,4.082762875799405
no_gate_config3_L4,113,4,train_loss_no_gate,3.813496188718384
no_gate_config3_L4,113,5,train_loss_no_gate,3.5814172987968234
no_gate_config3_L4,113,0,val_loss_no_gate,5.298761282937002
no_gate_config3_L4,113,1,val_loss_no_gate,4.987193951162241
no_gate_config3_L4,113,2,val_loss_no_gate,4.889775998511557
no_gate_config3_L4,113,3,val_loss_no_gate,4.864968241271326
no_gate_config3_L4,113,4,val_loss_no_gate,4.892913625401966
no_gate_config3_L4,113,5,val_loss_no_gate,4.951197662595975
no_gate_config3_L4,113,0,train_ppl_no_gate,363.07996105009835
no_gate_config3_L4,113,1,train_ppl_no_gate,132.85444177733848
no_gate_config3_L4,113,2,train_ppl_no_gate,83.06599003517911
no_gate_config3_L4,113,3,train_ppl_no_gate,59.30910738817849
no_gate_config3_L4,113,4,train_ppl_no_gate,45.30856958766151
no_gate_config3_L4,113,5,train_ppl_no_gate,35.92442042060531
no_gate_config3_L4,113,0,val_ppl_no_gate,200.08880298688533
no_gate_config3_L4,113,1,val_ppl_no_gate,146.52469065670962
no_gate_config3_L4,113,2,val_ppl_no_gate,132.92379558813604
no_gate_config3_L4,113,3,val_ppl_no_gate,129.66682049304617
no_gate_config3_L4,113,4,val_ppl_no_gate,133.34151584601122
no_gate_config3_L4,113,5,val_ppl_no_gate,141.34414518606727
no_gate_config3_L4,192,0,train_loss_no_gate,5.894008889541787
no_gate_config3_L4,192,1,train_loss_no_gate,4.893813997507095
no_gate_config3_L4,192,2,train_loss_no_gate,4.422980277341301
no_gate_config3_L4,192,3,train_loss_no_gate,4.085756099703959
no_gate_config3_L4,192,4,train_loss_no_gate,3.8138098913734244
no_gate_config3_L4,192,5,train_loss_no_gate,3.5808728200904394
no_gate_config3_L4,192,0,val_loss_no_gate,5.2911551382582065
no_gate_config3_L4,192,1,val_loss_no_gate,4.975229657302468
no_gate_config3_L4,192,2,val_loss_no_gate,4.869670190043369
no_gate_config3_L4,192,3,val_loss_no_gate,4.847604740474184
no_gate_config3_L4,192,4,val_loss_no_gate,4.874651118860406
no_gate_config3_L4,192,5,val_loss_no_gate,4.949569926423542
no_gate_config3_L4,192,0,train_ppl_no_gate,362.8570262292582
no_gate_config3_L4,192,1,train_ppl_no_gate,133.4616268915379
no_gate_config3_L4,192,2,train_ppl_no_gate,83.34430473443015
no_gate_config3_L4,192,3,train_ppl_no_gate,59.486898778147925
no_gate_config3_L4,192,4,train_ppl_no_gate,45.32278523586396
no_gate_config3_L4,192,5,train_ppl_no_gate,35.90486566270484
no_gate_config3_L4,192,0,val_ppl_no_gate,198.5726718685219
no_gate_config3_L4,192,1,val_ppl_no_gate,144.7820715903979
no_gate_config3_L4,192,2,val_ppl_no_gate,130.2779428475332
no_gate_config3_L4,192,3,val_ppl_no_gate,127.43478460845849
no_gate_config3_L4,192,4,val_ppl_no_gate,130.9284667690214
no_gate_config3_L4,192,5,val_ppl_no_gate,141.11426135405756
gate_config1_L4,42,0,train_loss,5.84134133008577
gate_config1_L4,42,1,train_loss,4.8638009598194545
gate_config1_L4,42,2,train_loss,4.404445627862114
gate_config1_L4,42,3,train_loss,4.076469420376471
gate_config1_L4,42,4,train_loss,3.8118622729838907
gate_config1_L4,42,5,train_loss,3.582591189418809
gate_config1_L4,42,0,val_loss,5.28961203158912
gate_config1_L4,42,1,val_loss,4.977249562740326
gate_config1_L4,42,2,val_loss,4.884472132739374
gate_config1_L4,42,3,val_loss,4.872140867225195
gate_config1_L4,42,4,val_loss,4.892195275274374
gate_config1_L4,42,5,val_loss,4.94865101272777
gate_config1_L4,42,0,train_ppl,344.24077163390467
gate_config1_L4,42,1,train_ppl,129.5155511227026
gate_config1_L4,42,2,train_ppl,81.81377499164246
gate_config1_L4,42,3,train_ppl,58.93702024968855
gate_config1_L4,42,4,train_ppl,45.234599649683965
gate_config1_L4,42,5,train_ppl,35.96661652279606
gate_config1_L4,42,0,val_ppl,198.2664893511617
gate_config1_L4,42,1,val_ppl,145.0748132397998
gate_config1_L4,42,2,val_ppl,132.22065195647113
gate_config1_L4,42,3,val_ppl,130.6002155401799
gate_config1_L4,42,4,val_ppl,133.24576434675834
gate_config1_L4,42,5,val_ppl,140.98464908699466
gate_config1_L4,113,0,train_loss,5.838377354508739
gate_config1_L4,113,1,train_loss,4.858992102918989
gate_config1_L4,113,2,train_loss,4.398990102364856
gate_config1_L4,113,3,train_loss,4.0693811400462
gate_config1_L4,113,4,train_loss,3.804411583785283
gate_config1_L4,113,5,train_loss,3.5722942650318146
gate_config1_L4,113,0,val_loss,5.280570508059808
gate_config1_L4,113,1,val_loss,4.9803440853700796
gate_config1_L4,113,2,val_loss,4.885743177543252
gate_config1_L4,113,3,val_loss,4.870119937395645
gate_config1_L4,113,4,val_loss,4.905123126708855
gate_config1_L4,113,5,val_loss,4.963925982935954
gate_config1_L4,113,0,train_ppl,343.2219610049414
gate_config1_L4,113,1,train_ppl,128.89422450372123
gate_config1_L4,113,2,train_ppl,81.36865314693911
gate_config1_L4,113,3,train_ppl,58.520735243711826
gate_config1_L4,113,4,train_ppl,44.89882314318799
gate_config1_L4,113,5,train_ppl,35.598171174364715
gate_config1_L4,113,0,val_ppl,196.48193791164744
gate_config1_L4,113,1,val_ppl,145.5244458727471
gate_config1_L4,113,2,val_ppl,132.38881717923203
gate_config1_L4,113,3,val_ppl,130.3365481851988
gate_config1_L4,113,4,val_ppl,134.97952856881062
gate_config1_L4,113,5,val_ppl,143.15471706945698
gate_config1_L4,192,0,train_loss,5.838048056273137
gate_config1_L4,192,1,train_loss,4.8657509932073495
gate_config1_L4,192,2,train_loss,4.405696585774422
gate_config1_L4,192,3,train_loss,4.07854149995719
gate_config1_L4,192,4,train_loss,3.8157205455384013
gate_config1_L4,192,5,train_loss,3.5877470255403194
gate_config1_L4,192,0,val_loss,5.276575539071681
gate_config1_L4,192,1,val_loss,4.967133767524008
gate_config1_L4,192,2,val_loss,4.865687188455614
gate_config1_L4,192,3,val_loss,4.847437851509805
gate_config1_L4,192,4,val_loss,4.869256626751463
gate_config1_L4,192,5,val_loss,4.942680319487038
gate_config1_L4,192,0,train_ppl,343.1089572257562
gate_config1_L4,192,1,train_ppl,129.76835718166063
gate_config1_L4,192,2,train_ppl,81.91618462251799
gate_config1_L4,192,3,train_ppl,59.059269056785084
gate_config1_L4,192,4,train_ppl,45.40946418462128
gate_config1_L4,192,5,train_ppl,36.15253336998435
gate_config1_L4,192,0,val_ppl,195.69856448111557
gate_config1_L4,192,1,val_ppl,143.61466387531752
gate_config1_L4,192,2,val_ppl,129.76007760798842
gate_config1_L4,192,3,val_ppl,127.41351892378276
gate_config1_L4,192,4,val_ppl,130.2240758121085
gate_config1_L4,192,5,val_ppl,140.1453809950724
gate_config2_L4,42,0,train_loss,5.8276439910217865
gate_config2_L4,42,1,train_loss,4.833462190324977
gate_config2_L4,42,2,train_loss,4.367274174750862
gate_config2_L4,42,3,train_loss,4.034928055006569
gate_config2_L4,42,4,train_loss,3.765295129585064
gate_config2_L4,42,5,train_loss,3.5320391565308733
gate_config2_L4,42,0,val_loss,5.255869383529081
gate_config2_L4,42,1,val_loss,4.947830543679706
gate_config2_L4,42,2,val_loss,4.862862018205352
gate_config2_L4,42,3,val_loss,4.8590408735356085
gate_config2_L4,42,4,val_loss,4.892555437855801
gate_config2_L4,42,5,val_loss,4.962914652743582
gate_config2_L4,42,0,train_ppl,339.55773485441495
gate_config2_L4,42,1,train_ppl,125.64521613511019
gate_config2_L4,42,2,train_ppl,78.82846595782564
gate_config2_L4,42,3,train_ppl,56.53885240462974
gate_config2_L4,42,4,train_ppl,43.17644662645637
gate_config2_L4,42,5,train_ppl,34.193622720871154
gate_config2_L4,42,0,val_ppl,191.68806387924758
gate_config2_L4,42,1,val_ppl,140.86902298647132
gate_config2_L4,42,2,val_ppl,129.39400065540602
gate_config2_L4,42,3,val_ppl,128.9005109078237
gate_config2_L4,42,4,val_ppl,133.29376312837337
gate_config2_L4,42,5,val_ppl,143.0100135657488
gate_config2_L4,113,0,train_loss,5.825684876007549
gate_config2_L4,113,1,train_loss,4.833277436131138
gate_config2_L4,113,2,train_loss,4.368590476906906
gate_config2_L4,113,3,train_loss,4.036221881286573
gate_config2_L4,113,4,train_loss,3.7680958501868327
gate_config2_L4,113,5,train_loss,3.532480163846986
gate_config2_L4,113,0,val_loss,5.264886671203678
gate_config2_L4,113,1,val_loss,4.957078020451433
gate_config2_L4,113,2,val_loss,4.875579537981648
gate_config2_L4,113,3,val_loss,4.861782382100316
gate_config2_L4,113,4,val_loss,4.906813117407136
gate_config2_L4,113,5,val_loss,4.9740927431543
gate_config2_L4,113,0,train_ppl,338.8931534061705
gate_config2_L4,113,1,train_ppl,125.62200479875533
gate_config2_L4,113,2,train_ppl,78.93229635862198
gate_config2_L4,113,3,train_ppl,56.61205120076402
gate_config2_L4,113,4,train_ppl,43.297541287033674
gate_config2_L4,113,5,train_ppl,34.2087056842596
gate_config2_L4,113,0,val_ppl,193.42438699230271
gate_config2_L4,113,1,val_ppl,142.1777478795415
gate_config2_L4,113,2,val_ppl,131.0500797062373
gate_config2_L4,113,3,val_ppl,129.2543776051287
gate_config2_L4,113,4,val_ppl,135.20783558057505
gate_config2_L4,113,5,val_ppl,144.61756034010986
gate_config2_L4,192,0,train_loss,5.825672357769336
gate_config2_L4,192,1,train_loss,4.836380735039711
gate_config2_L4,192,2,train_loss,4.370793640234713
gate_config2_L4,192,3,train_loss,4.039058702855797
gate_config2_L4,192,4,train_loss,3.770162237271414
gate_config2_L4,192,5,train_loss,3.535067543261132
gate_config2_L4,192,0,val_loss,5.253332850286516
gate_config2_L4,192,1,val_loss,4.949237106210094
gate_config2_L4,192,2,val_loss,4.84849254761712
gate_config2_L4,192,3,val_loss,4.837478524042388
gate_config2_L4,192,4,val_loss,4.873015514874862
gate_config2_L4,192,5,val_loss,4.957572121741408
gate_config2_L4,192,0,train_ppl,338.8889110875006
gate_config2_L4,192,1,train_ppl,126.01245295445807
gate_config2_L4,192,2,train_ppl,79.10638880596736
gate_config2_L4,192,3,train_ppl,56.7728774985888
gate_config2_L4,192,4,train_ppl,43.3871032701371
gate_config2_L4,192,5,train_ppl,34.29733118959348
gate_config2_L4,192,0,val_ppl,191.20245687253893
gate_config2_L4,192,1,val_ppl,141.0673034901698
gate_config2_L4,192,2,val_ppl,127.54797235750388
gate_config2_L4,192,3,val_ppl,126.15086399867253
gate_config2_L4,192,4,val_ppl,130.714494681454
gate_config2_L4,192,5,val_ppl,142.24801544639269
gate_config3_L4,42,0,train_loss,5.886299840979657
gate_config3_L4,42,1,train_loss,4.863640452845622
gate_config3_L4,42,2,train_loss,4.384734025572316
gate_config3_L4,42,3,train_loss,4.041361405814098
gate_config3_L4,42,4,train_loss,3.7648202771857635
gate_config3_L4,42,5,train_loss,3.5274558107731706
gate_config3_L4,42,0,val_loss,5.283826794664739
gate_config3_L4,42,1,val_loss,4.949556616403289
gate_config3_L4,42,2,val_loss,4.855687809192528
gate_config3_L4,42,3,val_loss,4.840798076936754
gate_config3_L4,42,4,val_loss,4.8633987358060935
gate_config3_L4,42,5,val_loss,4.942307885420525
gate_config3_L4,42,0,train_ppl,360.0704983325178
gate_config3_L4,42,1,train_ppl,129.4947646417598
gate_config3_L4,42,2,train_ppl,80.21688473527409
gate_config3_L4,42,3,train_ppl,56.90375920456911
gate_config3_L4,42,4,train_ppl,43.15594905422835
gate_config3_L4,42,5,train_ppl,34.03726013086615
gate_config3_L4,42,0,val_ppl,197.122782234311
gate_config3_L4,42,1,val_ppl,141.11238313288055
gate_config3_L4,42,2,val_ppl,128.46902300850817
gate_config3_L4,42,3,val_ppl,126.57032428951295
gate_config3_L4,42,4,val_ppl,129.46346733331495
gate_config3_L4,42,5,val_ppl,140.09319579930093
gate_config3_L4,113,0,train_loss,5.877445578322572
gate_config3_L4,113,1,train_loss,4.854679941499637
gate_config3_L4,113,2,train_loss,4.373330803872165
gate_config3_L4,113,3,train_loss,4.026403673372026
gate_config3_L4,113,4,train_loss,3.7492029855059363
gate_config3_L4,113,5,train_loss,3.509640332500813
gate_config3_L4,113,0,val_loss,5.2829277656846125
gate_config3_L4,113,1,val_loss,4.947602541769966
gate_config3_L4,113,2,val_loss,4.852190692546004
gate_config3_L4,113,3,val_loss,4.837602512311127
gate_config3_L4,113,4,val_loss,4.875034827297017
gate_config3_L4,113,5,val_loss,4.934962872731483
gate_config3_L4,113,0,train_ppl,356.8964123972942
gate_config3_L4,113,1,train_ppl,128.33960845800786
gate_config3_L4,113,2,train_ppl,79.30734948639952
gate_config3_L4,113,3,train_ppl,56.05894202522288
gate_config3_L4,113,4,train_ppl,42.48720558319637
gate_config3_L4,113,5,train_ppl,33.43623969230541
gate_config3_L4,113,0,val_ppl,196.9456427791222
gate_config3_L4,113,1,val_ppl,140.83690824145782
gate_config3_L4,113,2,val_ppl,128.02053651145562
gate_config3_L4,113,3,val_ppl,126.16650619560409
gate_config3_L4,113,4,val_ppl,130.9787147659869
gate_config3_L4,113,5,val_ppl,139.0679792220226
gate_config3_L4,192,0,train_loss,5.87503032512584
gate_config3_L4,192,1,train_loss,4.860585137949151
gate_config3_L4,192,2,train_loss,4.384601810347226
gate_config3_L4,192,3,train_loss,4.0429110677313
gate_config3_L4,192,4,train_loss,3.766230033615888
gate_config3_L4,192,5,train_loss,3.528478107462495
gate_config3_L4,192,0,val_loss,5.264067413443226
gate_config3_L4,192,1,val_loss,4.941280629675267
gate_config3_L4,192,2,val_loss,4.838028514789323
gate_config3_L4,192,3,val_loss,4.817558735103931
gate_config3_L4,192,4,val_loss,4.854608662047629
gate_config3_L4,192,5,val_loss,4.940484264139402
gate_config3_L4,192,0,train_ppl,356.0354573271202
gate_config3_L4,192,1,train_ppl,129.0997211567663
gate_config3_L4,192,2,train_ppl,80.2062795429022
gate_config3_L4,192,3,train_ppl,56.99200915428652
gate_config3_L4,192,4,train_ppl,43.21683133541619
gate_config3_L4,192,5,train_ppl,34.072074101282986
gate_config3_L4,192,0,val_ppl,193.26598745608285
gate_config3_L4,192,1,val_ppl,139.94935815071884
gate_config3_L4,192,2,val_ppl,126.22026488976415
gate_config3_L4,192,3,val_ppl,123.66282825692636
gate_config3_L4,192,4,val_ppl,128.33046080706964
gate_config3_L4,192,5,val_ppl,139.83795167114928
no_gate_config1_L8,42,0,train_loss_no_gate,5.90055229603234
no_gate_config1_L8,42,1,train_loss_no_gate,4.91520635985722
no_gate_config1_L8,42,2,train_loss_no_gate,4.408544016339011
no_gate_config1_L8,42,3,train_loss_no_gate,4.026649057865143
no_gate_config1_L8,42,4,train_loss_no_gate,3.710644459067765
no_gate_config1_L8,42,5,train_loss_no_gate,3.4376335822172086
no_gate_config1_L8,42,0,val_loss_no_gate,5.3238427527880265
no_gate_config1_L8,42,1,val_loss_no_gate,4.955128200983597
no_gate_config1_L8,42,2,val_loss_no_gate,4.827545519602501
no_gate_config1_L8,42,3,val_loss_no_gate,4.803355327097036
no_gate_config1_L8,42,4,val_loss_no_gate,4.8321888749882325
no_gate_config1_L8,42,5,val_loss_no_gate,4.909597299866757
no_gate_config1_L8,42,0,train_ppl_no_gate,365.23913229459225
no_gate_config1_L8,42,1,train_ppl_no_gate,136.3474435385888
no_gate_config1_L8,42,2,train_ppl_no_gate,82.14976766827708
no_gate_config1_L8,42,3,train_ppl_no_gate,56.07269970818841
no_gate_config1_L8,42,4,train_ppl_no_gate,40.880143618736554
no_gate_config1_L8,42,5,train_ppl_no_gate,31.1132440495091
no_gate_config1_L8,42,0,val_ppl_no_gate,205.17078970288347
no_gate_config1_L8,42,1,val_ppl_no_gate,141.90079702865583
no_gate_config1_L8,42,2,val_ppl_no_gate,124.90400966298375
no_gate_config1_L8,42,3,val_ppl_no_gate,121.91880947636137
no_gate_config1_L8,42,4,val_ppl_no_gate,125.48533196750023
no_gate_config1_L8,42,5,val_ppl_no_gate,135.58480339487915
no_gate_config1_L8,113,0,train_loss_no_gate,5.899210235830081
no_gate_config1_L8,113,1,train_loss_no_gate,4.91932303559477
no_gate_config1_L8,113,2,train_loss_no_gate,4.413584847445205
no_gate_config1_L8,113,3,train_loss_no_gate,4.0318278637477905
no_gate_config1_L8,113,4,train_loss_no_gate,3.717691772191201
no_gate_config1_L8,113,5,train_loss_no_gate,3.4445469871921053
no_gate_config1_L8,113,0,val_loss_no_gate,5.341944862220247
no_gate_config1_L8,113,1,val_loss_no_gate,4.967010289935742
no_gate_config1_L8,113,2,val_loss_no_gate,4.838861057313822
no_gate_config1_L8,113,3,val_loss_no_gate,4.815562934188519
no_gate_config1_L8,113,4,val_loss_no_gate,4.852251156912011
no_gate_config1_L8,113,5,val_loss_no_gate,4.920662095991232
no_gate_config1_L8,113,0,train_ppl_no_gate,364.74928816451063
no_gate_config1_L8,113,1,train_ppl_no_gate,136.90989867966954
no_gate_config1_L8,113,2,train_ppl_no_gate,82.56491624034784
no_gate_config1_L8,113,3,train_ppl_no_gate,56.36384257077309
no_gate_config1_L8,113,4,train_ppl_no_gate,41.1692563286912
no_gate_config1_L8,113,5,train_ppl_no_gate,31.329087753484753
no_gate_config1_L8,113,0,val_ppl_no_gate,208.91863338607672
no_gate_config1_L8,113,1,val_ppl_no_gate,143.5969317777634
no_gate_config1_L8,113,2,val_ppl_no_gate,126.32539238322059
no_gate_config1_L8,113,3,val_ppl_no_gate,123.41626799552854
no_gate_config1_L8,113,4,val_ppl_no_gate,128.0282774260541
no_gate_config1_L8,113,5,val_ppl_no_gate,137.09335210306975
no_gate_config1_L8,192,0,train_loss_no_gate,5.902524251553972
no_gate_config1_L8,192,1,train_loss_no_gate,4.924049284751132
no_gate_config1_L8,192,2,train_loss_no_gate,4.419197468813193
no_gate_config1_L8,192,3,train_loss_no_gate,4.040846121008113
no_gate_config1_L8,192,4,train_loss_no_gate,3.726851691381406
no_gate_config1_L8,192,5,train_loss_no_gate,3.456748540371151
no_gate_config1_L8,192,0,val_loss_no_gate,5.324879719039141
no_gate_config1_L8,192,1,val_loss_no_gate,4.95607548750053
no_gate_config1_L8,192,2,val_loss_no_gate,4.823673992843951
no_gate_config1_L8,192,3,val_loss_no_gate,4.799565225839615
no_gate_config1_L8,192,4,val_loss_no_gate,4.826442411390402
no_gate_config1_L8,192,5,val_loss_no_gate,4.915194016391948
no_gate_config1_L8,192,0,train_ppl_no_gate,365.960078221264
no_gate_config1_L8,192,1,train_ppl_no_gate,137.55850049234584
no_gate_config1_L8,192,2,train_ppl_no_gate,83.02962475002222
no_gate_config1_L8,192,3,train_ppl_no_gate,56.8744451152486
no_gate_config1_L8,192,4,train_ppl_no_gate,41.54809581045662
no_gate_config1_L8,192,5,train_ppl_no_gate,31.71369290225901
no_gate_config1_L8,192,0,val_ppl_no_gate,205.38365523563215
no_gate_config1_L8,192,1,val_ppl_no_gate,142.03528142799559
no_gate_config1_L8,192,2,val_ppl_no_gate,124.4213753160568
no_gate_config1_L8,192,3,val_ppl_no_gate,121.45759941178619
no_gate_config1_L8,192,4,val_ppl_no_gate,124.76630299084484
no_gate_config1_L8,192,5,val_ppl_no_gate,136.34576054904153
no_gate_config2_L8,42,0,train_loss_no_gate,5.8804681455179795
no_gate_config2_L8,42,1,train_loss_no_gate,4.8923272288451765
no_gate_config2_L8,42,2,train_loss_no_gate,4.390449821822724
no_gate_config2_L8,42,3,train_loss_no_gate,4.008309910863133
no_gate_config2_L8,42,4,train_loss_no_gate,3.6883517155202767
no_gate_config2_L8,42,5,train_loss_no_gate,3.4103446784666027
no_gate_config2_L8,42,0,val_loss_no_gate,5.29810371843435
no_gate_config2_L8,42,1,val_loss_no_gate,4.945880734314353
no_gate_config2_L8,42,2,val_loss_no_gate,4.827258980880349
no_gate_config2_L8,42,3,val_loss_no_gate,4.802949486142498
no_gate_config2_L8,42,4,val_loss_no_gate,4.847802833985474
no_gate_config2_L8,42,5,val_loss_no_gate,4.930526191905393
no_gate_config2_L8,42,0,train_ppl_no_gate,357.97678771654654
no_gate_config2_L8,42,1,train_ppl_no_gate,133.26334776122982
no_gate_config2_L8,42,2,train_ppl_no_gate,80.67670096032941
no_gate_config2_L8,42,3,train_ppl_no_gate,55.053746153036236
no_gate_config2_L8,42,4,train_ppl_no_gate,39.97889602543435
no_gate_config2_L8,42,5,train_ppl_no_gate,30.27567783539396
no_gate_config2_L8,42,0,val_ppl_no_gate,199.95727494148917
no_gate_config2_L8,42,1,val_ppl_no_gate,140.5946228470785
no_gate_config2_L8,42,2,val_ppl_no_gate,124.86822495476036
no_gate_config2_L8,42,3,val_ppl_no_gate,121.86933986942253
no_gate_config2_L8,42,4,val_ppl_no_gate,127.4600311129039
no_gate_config2_L8,42,5,val_ppl_no_gate,138.45234567970263
no_gate_config2_L8,113,0,train_loss_no_gate,5.87691247791557
no_gate_config2_L8,113,1,train_loss_no_gate,4.890401795127635
no_gate_config2_L8,113,2,train_loss_no_gate,4.385778504534293
no_gate_config2_L8,113,3,train_loss_no_gate,4.0008617501895305
no_gate_config2_L8,113,4,train_loss_no_gate,3.68138697149895
no_gate_config2_L8,113,5,train_loss_no_gate,3.4003341051481537
no_gate_config2_L8,113,0,val_loss_no_gate,5.3074535535553755
no_gate_config2_L8,113,1,val_loss_no_gate,4.957701098110716
no_gate_config2_L8,113,2,val_loss_no_gate,4.840350545058816
no_gate_config2_L8,113,3,val_loss_no_gate,4.8123797552060275
no_gate_config2_L8,113,4,val_loss_no_gate,4.869264222807804
no_gate_config2_L8,113,5,val_loss_no_gate,4.931722168195045
no_gate_config2_L8,113,0,train_ppl_no_gate,356.7062014798513
no_gate_config2_L8,113,1,train_ppl_no_gate,133.00700488294328
no_gate_config2_L8,113,2,train_ppl_no_gate,80.30071335476919
no_gate_config2_L8,113,3,train_ppl_no_gate,54.64522027776651
no_gate_config2_L8,113,4,train_ppl_no_gate,39.70142064250832
no_gate_config2_L8,113,5,train_ppl_no_gate,29.97411288005897
no_gate_config2_L8,113,0,val_ppl_no_gate,201.8356098708287
no_gate_config2_L8,113,1,val_ppl_no_gate,142.26636326215817
no_gate_config2_L8,113,2,val_ppl_no_gate,126.51369270775666
no_gate_config2_L8,113,3,val_ppl_no_gate,123.02403652782432
no_gate_config2_L8,113,4,val_ppl_no_gate,130.22506500528223
no_gate_config2_L8,113,5,val_ppl_no_gate,138.61803046016766
no_gate_config2_L8,192,0,train_loss_no_gate,5.882441535339517
no_gate_config2_L8,192,1,train_loss_no_gate,4.895528898400776
no_gate_config2_L8,192,2,train_loss_no_gate,4.392007187008858
no_gate_config2_L8,192,3,train_loss_no_gate,4.011602024279409
no_gate_config2_L8,192,4,train_loss_no_gate,3.69443811400462
no_gate_config2_L8,192,5,train_loss_no_gate,3.416697355523958
no_gate_config2_L8,192,0,val_loss_no_gate,5.296035318051354
no_gate_config2_L8,192,1,val_loss_no_gate,4.940337240695953
no_gate_config2_L8,192,2,val_loss_no_gate,4.820260164091143
no_gate_config2_L8,192,3,val_loss_no_gate,4.792329175492465
no_gate_config2_L8,192,4,val_loss_no_gate,4.837512399685585
no_gate_config2_L8,192,5,val_loss_no_gate,4.935034193224826
no_gate_config2_L8,192,0,train_ppl_no_gate,358.68391295316735
no_gate_config2_L8,192,1,train_ppl_no_gate,133.69069671464942
no_gate_config2_L8,192,2,train_ppl_no_gate,80.80244193262932
no_gate_config2_L8,192,3,train_ppl_no_gate,55.23528799356462
no_gate_config2_L8,192,4,train_ppl_no_gate,40.22296551625169
no_gate_config2_L8,192,5,train_ppl_no_gate,30.468621645354464
no_gate_config2_L8,192,0,val_ppl_no_gate,199.54411067927924
no_gate_config2_L8,192,1,val_ppl_no_gate,139.8173937252569
no_gate_config2_L8,192,2,val_ppl_no_gate,123.99734624067446
no_gate_config2_L8,192,3,val_ppl_no_gate,120.5818982372961
no_gate_config2_L8,192,4,val_ppl_no_gate,126.15513751271398
no_gate_config2_L8,192,5,val_ppl_no_gate,139.0778979726098
no_gate_config3_L8,42,0,train_loss_no_gate,5.945456757888955
no_gate_config3_L8,42,1,train_loss_no_gate,4.929482555995553
no_gate_config3_L8,42,2,train_loss_no_gate,4.434862918520378
no_gate_config3_L8,42,3,train_loss_no_gate,4.067516021430492
no_gate_config3_L8,42,4,train_loss_no_gate,3.7598862241385347
no_gate_config3_L8,42,5,train_loss_no_gate,3.4900864500362996
no_gate_config3_L8,42,0,val_loss_no_gate,5.321285915576805
no_gate_config3_L8,42,1,val_loss_no_gate,4.958757413645922
no_gate_config3_L8,42,2,val_loss_no_gate,4.8300043960749095
no_gate_config3_L8,42,3,val_loss_no_gate,4.802764247029515
no_gate_config3_L8,42,4,val_loss_no_gate,4.820523991423138
no_gate_config3_L8,42,5,val_loss_no_gate,4.904230882555751
no_gate_config3_L8,42,0,train_ppl_no_gate,382.01380927546535
no_gate_config3_L8,42,1,train_ppl_no_gate,138.30792721320657
no_gate_config3_L8,42,2,train_ppl_no_gate,84.34056256670986
no_gate_config3_L8,42,3,train_ppl_no_gate,58.411688854840136
no_gate_config3_L8,42,4,train_ppl_no_gate,42.94353976257071
no_gate_config3_L8,42,5,train_ppl_no_gate,32.78878217511941
no_gate_config3_L8,42,0,val_ppl_no_gate,204.64687146536073
no_gate_config3_L8,42,1,val_ppl_no_gate,142.41672083034604
no_gate_config3_L8,42,2,val_ppl_no_gate,125.21151109273761
no_gate_config3_L8,42,3,val_ppl_no_gate,121.84676699175978
no_gate_config3_L8,42,4,val_ppl_no_gate,124.0300644454962
no_gate_config3_L8,42,5,val_ppl_no_gate,134.85914758625663
no_gate_config3_L8,113,0,train_loss_no_gate,5.949908201219672
no_gate_config3_L8,113,1,train_loss_no_gate,4.93279417477927
no_gate_config3_L8,113,2,train_loss_no_gate,4.4385591420834345
no_gate_config3_L8,113,3,train_loss_no_gate,4.072011607935873
no_gate_config3_L8,113,4,train_loss_no_gate,3.768769462103561
no_gate_config3_L8,113,5,train_loss_no_gate,3.5004879257689088
no_gate_config3_L8,113,0,val_loss_no_gate,5.325023530903509
no_gate_config3_L8,113,1,val_loss_no_gate,4.966671157691438
no_gate_config3_L8,113,2,val_loss_no_gate,4.845244628898168
no_gate_config3_L8,113,3,val_loss_no_gate,4.805090464777866
no_gate_config3_L8,113,4,val_loss_no_gate,4.826954120296543
no_gate_config3_L8,113,5,val_loss_no_gate,4.891408345456851
no_gate_config3_L8,113,0,train_ppl_no_gate,383.71811258953744
no_gate_config3_L8,113,1,train_ppl_no_gate,138.76670957977228
no_gate_config3_L8,113,2,train_ppl_no_gate,84.6528809851629
no_gate_config3_L8,113,3,train_ppl_no_gate,58.674874799347336
no_gate_config3_L8,113,4,train_ppl_no_gate,43.32671685221064
no_gate_config3_L8,113,5,train_ppl_no_gate,33.13161378361681
no_gate_config3_L8,113,0,val_ppl_no_gate,205.41319396596137
no_gate_config3_L8,113,1,val_ppl_no_gate,143.54824168467138
no_gate_config3_L8,113,2,val_ppl_no_gate,127.13437893301453
no_gate_config3_L8,113,3,val_ppl_no_gate,122.13053903353085
no_gate_config3_L8,113,4,val_ppl_no_gate,124.83016335683712
no_gate_config3_L8,113,5,val_ppl_no_gate,133.14095052770386
no_gate_config3_L8,192,0,train_loss_no_gate,5.948502009197817
no_gate_config3_L8,192,1,train_loss_no_gate,4.936480658791833
no_gate_config3_L8,192,2,train_loss_no_gate,4.442158653195632
no_gate_config3_L8,192,3,train_loss_no_gate,4.0741081356497135
no_gate_config3_L8,192,4,train_loss_no_gate,3.7682900863178705
no_gate_config3_L8,192,5,train_loss_no_gate,3.499362806773792
no_gate_config3_L8,192,0,val_loss_no_gate,5.314591342109745
no_gate_config3_L8,192,1,val_loss_no_gate,4.958534616534993
no_gate_config3_L8,192,2,val_loss_no_gate,4.822694238969835
no_gate_config3_L8,192,3,val_loss_no_gate,4.789199665441352
no_gate_config3_L8,192,4,val_loss_no_gate,4.817949818352521
no_gate_config3_L8,192,5,val_loss_no_gate,4.899668363191314
no_gate_config3_L8,192,0,train_ppl_no_gate,383.1789104407033
no_gate_config3_L8,192,1,train_ppl_no_gate,139.27921492707955
no_gate_config3_L8,192,2,train_ppl_no_gate,84.95813903122387
no_gate_config3_L8,192,3,train_ppl_no_gate,58.79801734124086
no_gate_config3_L8,192,4,train_ppl_no_gate,43.30595205074738
no_gate_config3_L8,192,5,train_ppl_no_gate,33.094357738282305
no_gate_config3_L8,192,0,val_ppl_no_gate,203.28142359471298
no_gate_config3_L8,192,1,val_ppl_no_gate,142.3849943308145
no_gate_config3_L8,192,2,val_ppl_no_gate,124.29953268920745
no_gate_config3_L8,192,3,val_ppl_no_gate,120.20512583878806
no_gate_config3_L8,192,4,val_ppl_no_gate,123.71120017563803
no_gate_config3_L8,192,5,val_ppl_no_gate,134.24525163493988
gate_config1_L8,42,0,train_loss,5.854176132608268
gate_config1_L8,42,1,train_loss,4.856344093963251
gate_config1_L8,42,2,train_loss,4.372673252755303
gate_config1_L8,42,3,train_loss,4.015729684698379
gate_config1_L8,42,4,train_loss,3.7205502691410355
gate_config1_L8,42,5,train_loss,3.4619632781309595
gate_config1_L8,42,0,val_loss,5.278770529617698
gate_config1_L8,42,1,val_loss,4.929737920478239
gate_config1_L8,42,2,val_loss,4.822214685254178
gate_config1_L8,42,3,val_loss,4.7958529652175255
gate_config1_L8,42,4,val_loss,4.821520315388502
gate_config1_L8,42,5,val_loss,4.902138144282971
gate_config1_L8,42,0,train_ppl,348.6875094154417
gate_config1_L8,42,1,train_ppl,128.55336294429895
gate_config1_L8,42,2,train_ppl,79.25521799160897
gate_config1_L8,42,3,train_ppl,55.46375169145528
gate_config1_L8,42,4,train_ppl,41.28710687980772
gate_config1_L8,42,5,train_ppl,31.879503447648283
gate_config1_L8,42,0,val_ppl,196.12859276136982
gate_config1_L8,42,1,val_ppl,138.34325065547506
gate_config1_L8,42,2,val_ppl,124.23993867685894
gate_config1_L8,42,3,val_ppl,121.00755300984046
gate_config1_L8,42,4,val_ppl,124.15370015150991
gate_config1_L8,42,5,val_ppl,134.5772177921974
gate_config1_L8,113,0,train_loss,5.846210561818996
gate_config1_L8,113,1,train_loss,4.8547424919019315
gate_config1_L8,113,2,train_loss,4.375501947887873
gate_config1_L8,113,3,train_loss,4.024631999559322
gate_config1_L8,113,4,train_loss,3.73708084516101
gate_config1_L8,113,5,train_loss,3.4840311754052924
gate_config1_L8,113,0,val_loss,5.268427461890851
gate_config1_L8,113,1,val_loss,4.937628272226301
gate_config1_L8,113,2,val_loss,4.829171328221337
gate_config1_L8,113,3,val_loss,4.7996662531868886
gate_config1_L8,113,4,val_loss,4.8370072073855646
gate_config1_L8,113,5,val_loss,4.900746094978462
gate_config1_L8,113,0,train_ppl,345.92104722877644
gate_config1_L8,113,1,train_ppl,128.34763640322015
gate_config1_L8,113,2,train_ppl,79.47972422111279
gate_config1_L8,113,3,train_ppl,55.959711793426
gate_config1_L8,113,4,train_ppl,41.975278807162034
gate_config1_L8,113,5,train_ppl,32.59083700524242
gate_config1_L8,113,0,val_ppl,194.11047619276005
gate_config1_L8,113,1,val_ppl,139.43914537688585
gate_config1_L8,113,2,val_ppl,125.10724484440892
gate_config1_L8,113,3,val_ppl,121.46987057071188
gate_config1_L8,113,4,val_ppl,126.0914210045343
gate_config1_L8,113,5,val_ppl,134.39001000123557
gate_config1_L8,192,0,train_loss,5.85445365158178
gate_config1_L8,192,1,train_loss,4.862106213882818
gate_config1_L8,192,2,train_loss,4.379452289161035
gate_config1_L8,192,3,train_loss,4.026906363539776
gate_config1_L8,192,4,train_loss,3.736049970454079
gate_config1_L8,192,5,train_loss,3.4811466053380804
gate_config1_L8,192,0,val_loss,5.268007154181852
gate_config1_L8,192,1,val_loss,4.927111483226388
gate_config1_L8,192,2,val_loss,4.811230739294472
gate_config1_L8,192,3,val_loss,4.786945622856334
gate_config1_L8,192,4,val_loss,4.8198678629883265
gate_config1_L8,192,5,val_loss,4.896195506140337
gate_config1_L8,192,0,train_ppl,348.784290243768
gate_config1_L8,192,1,train_ppl,129.29624105861734
gate_config1_L8,192,2,train_ppl,79.79431722183348
gate_config1_L8,192,3,train_ppl,56.08712938835504
gate_config1_L8,192,4,train_ppl,41.9320298498815
gate_config1_L8,192,5,train_ppl,32.49696191208614
gate_config1_L8,192,0,val_ppl,194.0289072064565
gate_config1_L8,192,1,val_ppl,137.98037752875697
gate_config1_L8,192,2,val_ppl,122.88276113173217
gate_config1_L8,192,3,val_ppl,119.9344835004758
gate_config1_L8,192,4,val_ppl,123.94871148535577
gate_config1_L8,192,5,val_ppl,133.7798456781801
gate_config2_L8,42,0,train_loss,5.832644782581572
gate_config2_L8,42,1,train_loss,4.807765682117414
gate_config2_L8,42,2,train_loss,4.3075233264747315
gate_config2_L8,42,3,train_loss,3.9369354298559287
gate_config2_L8,42,4,train_loss,3.6314915842929127
gate_config2_L8,42,5,train_loss,3.3621023395809075
gate_config2_L8,42,0,val_loss,5.238942591820733
gate_config2_L8,42,1,val_loss,4.889434957908372
gate_config2_L8,42,2,val_loss,4.791558953665071
gate_config2_L8,42,3,val_loss,4.7890603188741006
gate_config2_L8,42,4,val_loss,4.831304061210762
gate_config2_L8,42,5,val_loss,4.929186911906227
gate_config2_L8,42,0,train_ppl,341.260045210965
gate_config2_L8,42,1,train_ppl,122.45770219039701
gate_config2_L8,42,2,train_ppl,74.25635226951086
gate_config2_L8,42,3,train_ppl,51.26126659488742
gate_config2_L8,42,4,train_ppl,37.76911043513978
gate_config2_L8,42,5,train_ppl,28.84977920102808
gate_config2_L8,42,0,val_ppl,188.47070653618954
gate_config2_L8,42,1,val_ppl,132.87847090592876
gate_config2_L8,42,2,val_ppl,120.48905918520698
gate_config2_L8,42,3,val_ppl,120.18837683412168
gate_config2_L8,42,4,val_ppl,125.37434992336641
gate_config2_L8,42,5,val_ppl,138.26704333585516
gate_config2_L8,113,0,train_loss,5.823487672512814
gate_config2_L8,113,1,train_loss,4.805963213792292
gate_config2_L8,113,2,train_loss,4.310152104976824
gate_config2_L8,113,3,train_loss,3.9446804748248248
gate_config2_L8,113,4,train_loss,3.6442409832093676
gate_config2_L8,113,5,train_loss,3.3766620871374164
gate_config2_L8,113,0,val_loss,5.235015698408676
gate_config2_L8,113,1,val_loss,4.901272515119133
gate_config2_L8,113,2,val_loss,4.803928198450703
gate_config2_L8,113,3,val_loss,4.791222693556446
gate_config2_L8,113,4,val_loss,4.848518407950967
gate_config2_L8,113,5,val_loss,4.9382538704548855
gate_config2_L8,113,0,train_ppl,338.14935362414207
gate_config2_L8,113,1,train_ppl,122.23717486749452
gate_config2_L8,113,2,train_ppl,74.45181257035891
gate_config2_L8,113,3,train_ppl,51.65982885882084
gate_config2_L8,113,4,train_ppl,38.25372660885911
gate_config2_L8,113,5,train_ppl,29.272897476315173
gate_config2_L8,113,0,val_ppl,187.7320534155629
gate_config2_L8,113,1,val_ppl,134.46077423342948
gate_config2_L8,113,2,val_ppl,121.98867327935855
gate_config2_L8,113,3,val_ppl,120.44855033221468
gate_config2_L8,113,4,val_ppl,127.55127083330018
gate_config2_L8,113,5,val_ppl,139.52640555128826
gate_config2_L8,192,0,train_loss,5.829792159088587
gate_config2_L8,192,1,train_loss,4.810175606507366
gate_config2_L8,192,2,train_loss,4.30890203153683
gate_config2_L8,192,3,train_loss,3.941440056946318
gate_config2_L8,192,4,train_loss,3.6370151704650815
gate_config2_L8,192,5,train_loss,3.3683567217598527
gate_config2_L8,192,0,val_loss,5.2197919821335095
gate_config2_L8,192,1,val_loss,4.885593193062281
gate_config2_L8,192,2,val_loss,4.782094508914624
gate_config2_L8,192,3,val_loss,4.778566562018152
gate_config2_L8,192,4,val_loss,4.832306193093122
gate_config2_L8,192,5,val_loss,4.932932224314092
gate_config2_L8,192,0,train_ppl,340.2879459645545
gate_config2_L8,192,1,train_ppl,122.75317188044863
gate_config2_L8,192,2,train_ppl,74.3588004849864
gate_config2_L8,192,3,train_ppl,51.49270035512351
gate_config2_L8,192,4,train_ppl,37.9783086014376
gate_config2_L8,192,5,train_ppl,29.030782186825274
gate_config2_L8,192,0,val_ppl,184.89571845717802
gate_config2_L8,192,1,val_ppl,132.36896240019263
gate_config2_L8,192,2,val_ppl,119.35407660370994
gate_config2_L8,192,3,val_ppl,118.93374365171087
gate_config2_L8,192,4,val_ppl,125.50005453243291
gate_config2_L8,192,5,val_ppl,138.7858675818248
gate_config3_L8,42,0,train_loss,5.936156899242078
gate_config3_L8,42,1,train_loss,4.900187442363319
gate_config3_L8,42,2,train_loss,4.390718223937487
gate_config3_L8,42,3,train_loss,4.01136224982092
gate_config3_L8,42,4,train_loss,3.6937587855983587
gate_config3_L8,42,5,train_loss,3.4125885315618274
gate_config3_L8,42,0,val_loss,5.302071634995735
gate_config3_L8,42,1,val_loss,4.927719971891177
gate_config3_L8,42,2,val_loss,4.799694921000529
gate_config3_L8,42,3,val_loss,4.776253330505501
gate_config3_L8,42,4,val_loss,4.806902690459106
gate_config3_L8,42,5,val_loss,4.901103727898355
gate_config3_L8,42,0,train_ppl,378.4776034416408
gate_config3_L8,42,1,train_ppl,134.31495363786814
gate_config3_L8,42,2,train_ppl,80.69835766370174
gate_config3_L8,42,3,train_ppl,55.222045569957395
gate_config3_L8,42,4,train_ppl,40.19565019228066
gate_config3_L8,42,5,train_ppl,30.343688283006276
gate_config3_L8,42,0,val_ppl,200.75226490817593
gate_config3_L8,42,1,val_ppl,138.0643625738292
gate_config3_L8,42,2,val_ppl,121.47335289623939
gate_config3_L8,42,3,val_ppl,118.65894033236752
gate_config3_L8,42,4,val_ppl,122.352067802265
gate_config3_L8,42,5,val_ppl,134.43808088827018
gate_config3_L8,113,0,train_loss,5.931024250842757
gate_config3_L8,113,1,train_loss,4.892409491463233
gate_config3_L8,113,2,train_loss,4.384869965835143
gate_config3_L8,113,3,train_loss,4.007629638379913
gate_config3_L8,113,4,train_loss,3.6938871996382536
gate_config3_L8,113,5,train_loss,3.4171266209776117
gate_config3_L8,113,0,val_loss,5.3092088022474515
gate_config3_L8,113,1,val_loss,4.929709170834493
gate_config3_L8,113,2,val_loss,4.802695741087703
gate_config3_L8,113,3,val_loss,4.774808113857851
gate_config3_L8,113,4,val_loss,4.824020851466615
gate_config3_L8,113,5,val_loss,4.888973936185998
gate_config3_L8,113,0,train_ppl,376.5399877798431
gate_config3_L8,113,1,train_ppl,133.2743108040257
gate_config3_L8,113,2,train_ppl,80.22779018089594
gate_config3_L8,113,3,train_ppl,55.016307340171046
gate_config3_L8,113,4,train_ppl,40.200812209538704
gate_config3_L8,113,5,train_ppl,30.48170357965761
gate_config3_L8,113,0,val_ppl,202.19019266052166
gate_config3_L8,113,1,val_ppl,138.33927339347682
gate_config3_L8,113,2,val_ppl,121.8384200501411
gate_config3_L8,113,3,val_ppl,118.48757631529851
gate_config3_L8,113,4,val_ppl,124.4645394284184
gate_config3_L8,113,5,val_ppl,132.81722516329899
gate_config3_L8,192,0,train_loss,5.9312550132557496
gate_config3_L8,192,1,train_loss,4.898225794656802
gate_config3_L8,192,2,train_loss,4.394225977740045
gate_config3_L8,192,3,train_loss,4.022285165928178
gate_config3_L8,192,4,train_loss,3.7101068979097627
gate_config3_L8,192,5,train_loss,3.4347117693494944
gate_config3_L8,192,0,val_loss,5.286709969326601
gate_config3_L8,192,1,val_loss,4.915024699801106
gate_config3_L8,192,2,val_loss,4.790797493215335
gate_config3_L8,192,3,val_loss,4.761870259955778
gate_config3_L8,192,4,val_loss,4.801276917174711
gate_config3_L8,192,5,val_loss,4.901900171223334
gate_config3_L8,192,0,train_ppl,376.6268890824028
gate_config3_L8,192,1,train_ppl,134.051733274332
gate_config3_L8,192,2,train_ppl,80.98192468554774
gate_config3_L8,192,3,train_ppl,55.82853764196004
gate_config3_L8,192,4,train_ppl,40.85817394694372
gate_config3_L8,192,5,train_ppl,31.02246965017127
gate_config3_L8,192,0,val_ppl,197.69194174419275
gate_config3_L8,192,1,val_ppl,136.32267690396677
gate_config3_L8,192,2,val_ppl,120.39734645425166
gate_config3_L8,192,3,val_ppl,116.96447543771946
gate_config3_L8,192,4,val_ppl,121.6656753623785
gate_config3_L8,192,5,val_ppl,134.54519585025272
no_gate_config1_L12,42,0,train_loss_no_gate,5.97170281132399
no_gate_config1_L12,42,1,train_loss_no_gate,5.021192698913105
no_gate_config1_L12,42,2,train_loss_no_gate,4.505660680769863
no_gate_config1_L12,42,3,train_loss_no_gate,4.103769438877954
no_gate_config1_L12,42,4,train_loss_no_gate,3.7593624540052173
no_gate_config1_L12,42,5,train_loss_no_gate,3.457749386838937
no_gate_config1_L12,42,0,val_loss_no_gate,5.402886159339194
no_gate_config1_L12,42,1,val_loss_no_gate,5.000816609899877
no_gate_config1_L12,42,2,val_loss_no_gate,4.831532178288799
no_gate_config1_L12,42,3,val_loss_no_gate,4.789647588285349
no_gate_config1_L12,42,4,val_loss_no_gate,4.802280855380882
no_gate_config1_L12,42,5,val_loss_no_gate,4.885087291062889
no_gate_config1_L12,42,0,train_ppl_no_gate,392.1728989601007
no_gate_config1_L12,42,1,train_ppl_no_gate,151.59199962796168
no_gate_config1_L12,42,2,train_ppl_no_gate,90.52813449308708
no_gate_config1_L12,42,3,train_ppl_no_gate,60.56816584007167
no_gate_config1_L12,42,4,train_ppl_no_gate,42.92105310845713
no_gate_config1_L12,42,5,train_ppl_no_gate,31.74544932878349
no_gate_config1_L12,42,0,val_ppl_no_gate,222.04635343626313
no_gate_config1_L12,42,1,val_ppl_no_gate,148.53440425583028
no_gate_config1_L12,42,2,val_ppl_no_gate,125.40295321605744
no_gate_config1_L12,42,3,val_ppl_no_gate,120.25898052108761
no_gate_config1_L12,42,4,val_ppl_no_gate,121.78788151570338
no_gate_config1_L12,42,5,val_ppl_no_gate,132.30201361364732
no_gate_config1_L12,113,0,train_loss_no_gate,5.9521187339293755
no_gate_config1_L12,113,1,train_loss_no_gate,4.998664993982194
no_gate_config1_L12,113,2,train_loss_no_gate,4.484889000149097
no_gate_config1_L12,113,3,train_loss_no_gate,4.083497020905301
no_gate_config1_L12,113,4,train_loss_no_gate,3.742460198700428
no_gate_config1_L12,113,5,train_loss_no_gate,3.439874739212505
no_gate_config1_L12,113,0,val_loss_no_gate,5.394646839570191
no_gate_config1_L12,113,1,val_loss_no_gate,4.991860206854546
no_gate_config1_L12,113,2,val_loss_no_gate,4.82852519265676
no_gate_config1_L12,113,3,val_loss_no_gate,4.783740905381865
no_gate_config1_L12,113,4,val_loss_no_gate,4.815711111335431
no_gate_config1_L12,113,5,val_loss_no_gate,4.887902391158928
no_gate_config1_L12,113,0,train_ppl_no_gate,384.5672722305218
no_gate_config1_L12,113,1,train_ppl_no_gate,148.21515883723296
no_gate_config1_L12,113,2,train_ppl_no_gate,88.66710823091448
no_gate_config1_L12,113,3,train_ppl_no_gate,59.35266486590077
no_gate_config1_L12,113,4,train_ppl_no_gate,42.201687090909836
no_gate_config1_L12,113,5,train_ppl_no_gate,31.18305191002533
no_gate_config1_L12,113,0,val_ppl_no_gate,220.22435883221553
no_gate_config1_L12,113,1,val_ppl_no_gate,147.21001002273786
no_gate_config1_L12,113,2,val_ppl_no_gate,125.02643471408976
no_gate_config1_L12,113,3,val_ppl_no_gate,119.55074258444517
no_gate_config1_L12,113,4,val_ppl_no_gate,123.43455682096213
no_gate_config1_L12,113,5,val_ppl_no_gate,132.67498174988754
no_gate_config1_L12,192,0,train_loss_no_gate,5.972226683618659
no_gate_config1_L12,192,1,train_loss_no_gate,5.0184966828358375
no_gate_config1_L12,192,2,train_loss_no_gate,4.496428386134617
no_gate_config1_L12,192,3,train_loss_no_gate,4.088614465321525
no_gate_config1_L12,192,4,train_loss_no_gate,3.741038054480391
no_gate_config1_L12,192,5,train_loss_no_gate,3.435575732614024
no_gate_config1_L12,192,0,val_loss_no_gate,5.398962930097419
no_gate_config1_L12,192,1,val_loss_no_gate,4.981857626114861
no_gate_config1_L12,192,2,val_loss_no_gate,4.822513422723544
no_gate_config1_L12,192,3,val_loss_no_gate,4.762071478164803
no_gate_config1_L12,192,4,val_loss_no_gate,4.7990308959605334
no_gate_config1_L12,192,5,val_loss_no_gate,4.892482457524639
no_gate_config1_L12,192,0,train_ppl_no_gate,392.3784013003773
no_gate_config1_L12,192,1,train_ppl_no_gate,151.18385558844204
no_gate_config1_L12,192,2,train_ppl_no_gate,89.69619833173049
no_gate_config1_L12,192,3,train_ppl_no_gate,59.657177327551636
no_gate_config1_L12,192,4,train_ppl_no_gate,42.14171286164756
no_gate_config1_L12,192,5,train_ppl_no_gate,31.049283505749212
no_gate_config1_L12,192,0,val_ppl_no_gate,221.17692129540342
no_gate_config1_L12,192,1,val_ppl_no_gate,145.74486981917025
no_gate_config1_L12,192,2,val_ppl_no_gate,124.27705934612483
no_gate_config1_L12,192,3,val_ppl_no_gate,116.98801318801912
no_gate_config1_L12,192,4,val_ppl_no_gate,121.39271832287484
no_gate_config1_L12,192,5,val_ppl_no_gate,133.28403566035962
no_gate_config2_L12,42,0,train_loss_no_gate,5.942936615671142
no_gate_config2_L12,42,1,train_loss_no_gate,4.969909085560653
no_gate_config2_L12,42,2,train_loss_no_gate,4.451843162083019
no_gate_config2_L12,42,3,train_loss_no_gate,4.045012861869092
no_gate_config2_L12,42,4,train_loss_no_gate,3.693831868217153
no_gate_config2_L12,42,5,train_loss_no_gate,3.3851354187828
no_gate_config2_L12,42,0,val_loss_no_gate,5.364468542195983
no_gate_config2_L12,42,1,val_loss_no_gate,4.973059640092365
no_gate_config2_L12,42,2,val_loss_no_gate,4.823479054337841
no_gate_config2_L12,42,3,val_loss_no_gate,4.796574710789374
no_gate_config2_L12,42,4,val_loss_no_gate,4.825787352303327
no_gate_config2_L12,42,5,val_loss_no_gate,4.939676450470746
no_gate_config2_L12,42,0,train_ppl_no_gate,381.05229223565743
no_gate_config2_L12,42,1,train_ppl_no_gate,144.0137938424078
no_gate_config2_L12,42,2,train_ppl_no_gate,85.78491387598918
no_gate_config2_L12,42,3,train_ppl_no_gate,57.111920595467296
no_gate_config2_L12,42,4,train_ppl_no_gate,40.19858790300734
no_gate_config2_L12,42,5,train_ppl_no_gate,29.521990277462148
no_gate_config2_L12,42,0,val_ppl_no_gate,213.67764384787938
no_gate_config2_L12,42,1,val_ppl_no_gate,144.46823264444427
no_gate_config2_L12,42,2,val_ppl_no_gate,124.3971231629405
no_gate_config2_L12,42,3,val_ppl_no_gate,121.0949212003952
no_gate_config2_L12,42,4,val_ppl_no_gate,124.68460045322637
no_gate_config2_L12,42,5,val_ppl_no_gate,139.72503427664043
no_gate_config2_L12,113,0,train_loss_no_gate,5.9206851698079355
no_gate_config2_L12,113,1,train_loss_no_gate,4.949676743377063
no_gate_config2_L12,113,2,train_loss_no_gate,4.435043746131962
no_gate_config2_L12,113,3,train_loss_no_gate,4.029439059859615
no_gate_config2_L12,113,4,train_loss_no_gate,3.6814126256158795
no_gate_config2_L12,113,5,train_loss_no_gate,3.372375282822019
no_gate_config2_L12,113,0,val_loss_no_gate,5.3517862770516995
no_gate_config2_L12,113,1,val_loss_no_gate,4.96499256259304
no_gate_config2_L12,113,2,val_loss_no_gate,4.8279698046587285
no_gate_config2_L12,113,3,val_loss_no_gate,4.78512455144171
no_gate_config2_L12,113,4,val_loss_no_gate,4.841640808824765
no_gate_config2_L12,113,5,val_loss_no_gate,4.92785229925382
no_gate_config2_L12,113,0,train_ppl_no_gate,372.66696657438695
no_gate_config2_L12,113,1,train_ppl_no_gate,141.1293355546296
no_gate_config2_L12,113,2,train_ppl_no_gate,84.35581504819179
no_gate_config2_L12,113,3,train_ppl_no_gate,56.22936109337581
no_gate_config2_L12,113,4,train_ppl_no_gate,39.70243916046028
no_gate_config2_L12,113,5,train_ppl_no_gate,29.147678878660482
no_gate_config2_L12,113,0,val_ppl_no_gate,210.98483883917848
no_gate_config2_L12,113,1,val_ppl_no_gate,143.30748443329827
no_gate_config2_L12,113,2,val_ppl_no_gate,124.95701581180987
no_gate_config2_L12,113,3,val_ppl_no_gate,119.71627298971147
no_gate_config2_L12,113,4,val_ppl_no_gate,126.67703409543032
no_gate_config2_L12,113,5,val_ppl_no_gate,138.082633475647
no_gate_config2_L12,192,0,train_loss_no_gate,5.940756445466461
no_gate_config2_L12,192,1,train_loss_no_gate,4.968193096882206
no_gate_config2_L12,192,2,train_loss_no_gate,4.4469565414523675
no_gate_config2_L12,192,3,train_loss_no_gate,4.038421352662272
no_gate_config2_L12,192,4,train_loss_no_gate,3.6858529309600088
no_gate_config2_L12,192,5,train_loss_no_gate,3.375358830190311
no_gate_config2_L12,192,0,val_loss_no_gate,5.356932839094582
no_gate_config2_L12,192,1,val_loss_no_gate,4.961320707353495
no_gate_config2_L12,192,2,val_loss_no_gate,4.810978096420482
no_gate_config2_L12,192,3,val_loss_no_gate,4.7799730785822465
no_gate_config2_L12,192,4,val_loss_no_gate,4.821579814967462
no_gate_config2_L12,192,5,val_loss_no_gate,4.9415484444569735
no_gate_config2_L12,192,0,train_ppl_no_gate,380.2224383217897
no_gate_config2_L12,192,1,train_ppl_no_gate,143.76687971414725
no_gate_config2_L12,192,2,train_ppl_no_gate,85.3667381113402
no_gate_config2_L12,192,3,train_ppl_no_gate,56.736704822683585
no_gate_config2_L12,192,4,train_ppl_no_gate,39.87912208601418
no_gate_config2_L12,192,5,train_ppl_no_gate,29.23477221821724
no_gate_config2_L12,192,0,val_ppl_no_gate,212.07348439038688
no_gate_config2_L12,192,1,val_ppl_no_gate,142.78224498745058
no_gate_config2_L12,192,2,val_ppl_no_gate,122.8517195991721
no_gate_config2_L12,192,3,val_ppl_no_gate,119.10114363001084
no_gate_config2_L12,192,4,val_ppl_no_gate,124.16108746416414
no_gate_config2_L12,192,5,val_ppl_no_gate,139.98684367688685
no_gate_config3_L12,42,0,train_loss_no_gate,6.013196092035811
no_gate_config3_L12,42,1,train_loss_no_gate,4.996755875015663
no_gate_config3_L12,42,2,train_loss_no_gate,4.4866146840533965
no_gate_config3_L12,42,3,train_loss_no_gate,4.101092618527049
no_gate_config3_L12,42,4,train_loss_no_gate,3.774571041813341
no_gate_config3_L12,42,5,train_loss_no_gate,3.4819137773523896
no_gate_config3_L12,42,0,val_loss_no_gate,5.379856777393211
no_gate_config3_L12,42,1,val_loss_no_gate,4.975427825572127
no_gate_config3_L12,42,2,val_loss_no_gate,4.824570120391199
no_gate_config3_L12,42,3,val_loss_no_gate,4.785716381113408
no_gate_config3_L12,42,4,val_loss_no_gate,4.806807776628914
no_gate_config3_L12,42,5,val_loss_no_gate,4.877210417036283
no_gate_config3_L12,42,0,train_ppl_no_gate,408.78775790952096
no_gate_config3_L12,42,1,train_ppl_no_gate,147.93246839707083
no_gate_config3_L12,42,2,train_ppl_no_gate,88.82025173306282
no_gate_config3_L12,42,3,train_ppl_no_gate,60.40625254421733
no_gate_config3_L12,42,4,train_ppl_no_gate,43.57881081812257
no_gate_config3_L12,42,5,train_ppl_no_gate,32.52190223735173
no_gate_config3_L12,42,0,val_ppl_no_gate,216.9911951546817
no_gate_config3_L12,42,1,val_ppl_no_gate,144.81076564603435
no_gate_config3_L12,42,2,val_ppl_no_gate,124.53292271082577
no_gate_config3_L12,42,3,val_ppl_no_gate,119.78714560244082
no_gate_config3_L12,42,4,val_ppl_no_gate,122.34045544997313
no_gate_config3_L12,42,5,val_ppl_no_gate,131.2639809124263
no_gate_config3_L12,113,0,train_loss_no_gate,5.999860260193631
no_gate_config3_L12,113,1,train_loss_no_gate,4.998498235339835
no_gate_config3_L12,113,2,train_loss_no_gate,4.491302619546147
no_gate_config3_L12,113,3,train_loss_no_gate,4.106619949563075
no_gate_config3_L12,113,4,train_loss_no_gate,3.783637523651123
no_gate_config3_L12,113,5,train_loss_no_gate,3.492763830317279
no_gate_config3_L12,113,0,val_loss_no_gate,5.387615647356389
no_gate_config3_L12,113,1,val_loss_no_gate,4.988157877477549
no_gate_config3_L12,113,2,val_loss_no_gate,4.831275986412824
no_gate_config3_L12,113,3,val_loss_no_gate,4.787497612379365
no_gate_config3_L12,113,4,val_loss_no_gate,4.81905655840696
no_gate_config3_L12,113,5,val_loss_no_gate,4.873405703043534
no_gate_config3_L12,113,0,train_ppl_no_gate,403.37242236998543
no_gate_config3_L12,113,1,train_ppl_no_gate,148.19044473927028
no_gate_config3_L12,113,2,train_ppl_no_gate,89.23761286030535
no_gate_config3_L12,113,3,train_ppl_no_gate,60.74106234857815
no_gate_config3_L12,113,4,train_ppl_no_gate,43.97571385317835
no_gate_config3_L12,113,5,train_ppl_no_gate,32.87668783988747
no_gate_config3_L12,113,0,val_ppl_no_gate,218.68134998788184
no_gate_config3_L12,113,1,val_ppl_no_gate,146.66599775575025
no_gate_config3_L12,113,2,val_ppl_no_gate,125.37083011323492
no_gate_config3_L12,113,3,val_ppl_no_gate,120.00070435374543
no_gate_config3_L12,113,4,val_ppl_no_gate,123.84819210930195
no_gate_config3_L12,113,5,val_ppl_no_gate,130.76550788247906
no_gate_config3_L12,192,0,train_loss_no_gate,5.999401225124375
no_gate_config3_L12,192,1,train_loss_no_gate,4.991808365209628
no_gate_config3_L12,192,2,train_loss_no_gate,4.481649180590096
no_gate_config3_L12,192,3,train_loss_no_gate,4.095408487623021
no_gate_config3_L12,192,4,train_loss_no_gate,3.766871521280984
no_gate_config3_L12,192,5,train_loss_no_gate,3.4725300843937923
no_gate_config3_L12,192,0,val_loss_no_gate,5.36843513230146
no_gate_config3_L12,192,1,val_loss_no_gate,4.967975603321851
no_gate_config3_L12,192,2,val_loss_no_gate,4.816494624493486
no_gate_config3_L12,192,3,val_loss_no_gate,4.764239301115779
no_gate_config3_L12,192,4,val_loss_no_gate,4.791817127648047
no_gate_config3_L12,192,5,val_loss_no_gate,4.891395956782971
no_gate_config3_L12,192,0,train_ppl_no_gate,403.1873027735908
no_gate_config3_L12,192,1,train_ppl_no_gate,147.20237861148402
no_gate_config3_L12,192,2,train_ppl_no_gate,88.38030764137285
no_gate_config3_L12,192,3,train_ppl_no_gate,60.063869494219155
no_gate_config3_L12,192,4,train_ppl_no_gate,43.24456329354592
no_gate_config3_L12,192,5,train_ppl_no_gate,32.21815406098126
no_gate_config3_L12,192,0,val_ppl_no_gate,214.52689868514258
no_gate_config3_L12,192,1,val_ppl_no_gate,143.73561474370527
no_gate_config3_L12,192,2,val_ppl_no_gate,123.53130731808426
no_gate_config3_L12,192,3,val_ppl_no_gate,117.24189757677316
no_gate_config3_L12,192,4,val_ppl_no_gate,120.52017034139463
no_gate_config3_L12,192,5,val_ppl_no_gate,133.13930109810488
gate_config1_L12,42,0,train_loss,5.900238868796219
gate_config1_L12,42,1,train_loss,4.900488780716718
gate_config1_L12,42,2,train_loss,4.4056177379216175
gate_config1_L12,42,3,train_loss,4.03721063432552
gate_config1_L12,42,4,train_loss,3.72908804919255
gate_config1_L12,42,5,train_loss,3.457977028342627
gate_config1_L12,42,0,val_loss,5.307204630415319
gate_config1_L12,42,1,val_loss,4.928781716500298
gate_config1_L12,42,2,val_loss,4.810818901506521
gate_config1_L12,42,3,val_loss,4.77245831489563
gate_config1_L12,42,4,val_loss,4.7987527675547845
gate_config1_L12,42,5,val_loss,4.878078836505696
gate_config1_L12,42,0,train_ppl,365.1246743408908
gate_config1_L12,42,1,train_ppl,134.3554339836683
gate_config1_L12,42,2,train_ppl,81.9097259618797
gate_config1_L12,42,3,train_ppl,56.668054220445235
gate_config1_L12,42,4,train_ppl,41.641116193722326
gate_config1_L12,42,5,train_ppl,31.7526767332014
gate_config1_L12,42,0,val_ppl,201.78537456966822
gate_config1_L12,42,1,val_ppl,138.21102951414213
gate_config1_L12,42,2,val_ppl,122.83216378687484
gate_config1_L12,42,3,val_ppl,118.20948119321112
gate_config1_L12,42,4,val_ppl,121.35896025441467
gate_config1_L12,42,5,val_ppl,131.37802261993588
gate_config1_L12,113,0,train_loss,5.894307131484403
gate_config1_L12,113,1,train_loss,4.900658243162147
gate_config1_L12,113,2,train_loss,4.402252217218027
gate_config1_L12,113,3,train_loss,4.030571190482479
gate_config1_L12,113,4,train_loss,3.7225905653026143
gate_config1_L12,113,5,train_loss,3.447562275801675
gate_config1_L12,113,0,val_loss,5.305321266085414
gate_config1_L12,113,1,val_loss,4.939324959860009
gate_config1_L12,113,2,val_loss,4.811122031535133
gate_config1_L12,113,3,val_loss,4.780434409440574
gate_config1_L12,113,4,val_loss,4.810880836793932
gate_config1_L12,113,5,val_loss,4.880564662359529
gate_config1_L12,113,0,train_ppl,362.96526155300705
gate_config1_L12,113,1,train_ppl,134.37820411335431
gate_config1_L12,113,2,train_ppl,81.63452044802175
gate_config1_L12,113,3,train_ppl,56.293056123717605
gate_config1_L12,113,4,train_ppl,41.37143079912973
gate_config1_L12,113,5,train_ppl,31.42369655968223
gate_config1_L12,113,0,val_ppl,201.4056968408813
gate_config1_L12,113,1,val_ppl,139.67593086920613
gate_config1_L12,113,2,val_ppl,122.86940354815778
gate_config1_L12,113,3,val_ppl,119.15610133869826
gate_config1_L12,113,4,val_ppl,122.83977166783798
gate_config1_L12,113,5,val_ppl,131.70501175583271
gate_config1_L12,192,0,train_loss,5.889600692916725
gate_config1_L12,192,1,train_loss,4.895205070154142
gate_config1_L12,192,2,train_loss,4.401739931460154
gate_config1_L12,192,3,train_loss,4.036266841120639
gate_config1_L12,192,4,train_loss,3.7292725794901282
gate_config1_L12,192,5,train_loss,3.4571835407513682
gate_config1_L12,192,0,val_loss,5.283035819813357
gate_config1_L12,192,1,val_loss,4.92964992179709
gate_config1_L12,192,2,val_loss,4.800972232374094
gate_config1_L12,192,3,val_loss,4.771646529941235
gate_config1_L12,192,4,val_loss,4.798269854763807
gate_config1_L12,192,5,val_loss,4.881147338172137
gate_config1_L12,192,0,train_ppl,361.26100149080844
gate_config1_L12,192,1,train_ppl,133.64741089970408
gate_config1_L12,192,2,train_ppl,81.59271095596345
gate_config1_L12,192,3,train_ppl,56.61459652641045
gate_config1_L12,192,4,train_ppl,41.648800950298444
gate_config1_L12,192,5,train_ppl,31.72749137168172
gate_config1_L12,192,0,val_ppl,196.9669247187427
gate_config1_L12,192,1,val_ppl,138.33107716750482
gate_config1_L12,192,2,val_ppl,121.62861132704961
gate_config1_L12,192,3,val_ppl,118.11355945409166
gate_config1_L12,192,4,val_ppl,121.30036860867429
gate_config1_L12,192,5,val_ppl,131.78177544258207
gate_config2_L12,42,0,train_loss,5.868637004393642
gate_config2_L12,42,1,train_loss,4.834326776407533
gate_config2_L12,42,2,train_loss,4.314278997228307
gate_config2_L12,42,3,train_loss,3.9198334463319537
gate_config2_L12,42,4,train_loss,3.585671561375513
gate_config2_L12,42,5,train_loss,3.2876742435461384
gate_config2_L12,42,0,val_loss,5.255189774400097
gate_config2_L12,42,1,val_loss,4.885546969155134
gate_config2_L12,42,2,val_loss,4.7679802785485474
gate_config2_L12,42,3,val_loss,4.764182039236618
gate_config2_L12,42,4,val_loss,4.812885625887725
gate_config2_L12,42,5,val_loss,4.93648526426089
gate_config2_L12,42,0,train_ppl,353.76646936892035
gate_config2_L12,42,1,train_ppl,125.75389421432789
gate_config2_L12,42,2,train_ppl,74.75970205515074
gate_config2_L12,42,3,train_ppl,50.392051098135035
gate_config2_L12,42,4,train_ppl,36.07757789311727
gate_config2_L12,42,5,train_ppl,26.780506234706472
gate_config2_L12,42,0,val_ppl,191.55783517843722
gate_config2_L12,42,1,val_ppl,132.36284393097634
gate_config2_L12,42,2,val_ppl,117.68131828879528
gate_config2_L12,42,3,val_ppl,117.2351842776114
gate_config2_L12,42,4,val_ppl,123.0862865249446
gate_config2_L12,42,5,val_ppl,139.27985637467123
gate_config2_L12,113,0,train_loss,5.861977649947344
gate_config2_L12,113,1,train_loss,4.834557766000093
gate_config2_L12,113,2,train_loss,4.315563333489127
gate_config2_L12,113,3,train_loss,3.9218853050369327
gate_config2_L12,113,4,train_loss,3.590983477689452
gate_config2_L12,113,5,train_loss,3.293575588550608
gate_config2_L12,113,0,val_loss,5.255453435041137
gate_config2_L12,113,1,val_loss,4.89235602496034
gate_config2_L12,113,2,val_loss,4.778388619422913
gate_config2_L12,113,3,val_loss,4.767562913692604
gate_config2_L12,113,4,val_loss,4.835411668834039
gate_config2_L12,113,5,val_loss,4.922730040752281
gate_config2_L12,113,0,train_ppl,351.41843991569937
gate_config2_L12,113,1,train_ppl,125.78294541024808
gate_config2_L12,113,2,train_ppl,74.8557803365517
gate_config2_L12,113,3,train_ppl,50.49555461782787
gate_config2_L12,113,4,train_ppl,36.2697288608071
gate_config2_L12,113,5,train_ppl,26.93901448731876
gate_config2_L12,113,0,val_ppl,191.60834809889846
gate_config2_L12,113,1,val_ppl,133.26718528319162
gate_config2_L12,113,2,val_ppl,118.9125821555256
gate_config2_L12,113,3,val_ppl,117.63221249057048
gate_config2_L12,113,4,val_ppl,125.89039769417182
gate_config2_L12,113,5,val_ppl,137.3771469171906
gate_config2_L12,192,0,train_loss,5.8595171171729845
gate_config2_L12,192,1,train_loss,4.830613078959917
gate_config2_L12,192,2,train_loss,4.31257153782299
gate_config2_L12,192,3,train_loss,3.921596866416729
gate_config2_L12,192,4,train_loss,3.5901169636744563
gate_config2_L12,192,5,train_loss,3.2934214130549107
gate_config2_L12,192,0,val_loss,5.242501088118149
gate_config2_L12,192,1,val_loss,4.872419734122389
gate_config2_L12,192,2,val_loss,4.7583140953112455
gate_config2_L12,192,3,val_loss,4.748129219321881
gate_config2_L12,192,4,val_loss,4.804618806657144
gate_config2_L12,192,5,val_loss,4.9294604593414375
gate_config2_L12,192,0,train_ppl,350.55482623736134
gate_config2_L12,192,1,train_ppl,125.28774839636289
gate_config2_L12,192,2,train_ppl,74.6321618146157
gate_config2_L12,192,3,train_ppl,50.480991850060775
gate_config2_L12,192,4,train_ppl,36.23831424499718
gate_config2_L12,192,5,train_ppl,26.93486147156144
gate_config2_L12,192,0,val_ppl,189.14257355674084
gate_config2_L12,192,1,val_ppl,130.63664069570953
gate_config2_L12,192,2,val_ppl,116.5492692139169
gate_config2_L12,192,3,val_ppl,115.36825381704493
gate_config2_L12,192,4,val_ppl,122.07294875553636
gate_config2_L12,192,5,val_ppl,138.30487110454254
gate_config3_L12,42,0,train_loss,5.994485851819232
gate_config3_L12,42,1,train_loss,4.961865214978234
gate_config3_L12,42,2,train_loss,4.441656004069215
gate_config3_L12,42,3,train_loss,4.045465394475703
gate_config3_L12,42,4,train_loss,3.7061278460136915
gate_config3_L12,42,5,train_loss,3.4017825186000032
gate_config3_L12,42,0,val_loss,5.357222794476202
gate_config3_L12,42,1,val_loss,4.939668617006076
gate_config3_L12,42,2,val_loss,4.787772851475214
gate_config3_L12,42,3,val_loss,4.761999656588344
gate_config3_L12,42,4,val_loss,4.784994588059894
gate_config3_L12,42,5,val_loss,4.896194650965222
gate_config3_L12,42,0,train_ppl,401.2103493809428
gate_config3_L12,42,1,train_ppl,142.8600121790166
gate_config3_L12,42,2,train_ppl,84.91544562765775
gate_config3_L12,42,3,train_ppl,57.137771450499145
gate_config3_L12,42,4,train_ppl,40.695920174598676
gate_config3_L12,42,5,train_ppl,30.017559244915834
gate_config3_L12,42,0,val_ppl,212.1349851542927
gate_config3_L12,42,1,val_ppl,139.72393974980778
gate_config3_L12,42,2,val_ppl,120.03373778495035
gate_config3_L12,42,3,val_ppl,116.97961122620988
gate_config3_L12,42,4,val_ppl,119.70071526900428
gate_config3_L12,42,5,val_ppl,133.779731273034
gate_config3_L12,113,0,train_loss,5.990580326167204
gate_config3_L12,113,1,train_loss,4.9651648130709845
gate_config3_L12,113,2,train_loss,4.44661996993473
gate_config3_L12,113,3,train_loss,4.052461115611812
gate_config3_L12,113,4,train_loss,3.7155800692863385
gate_config3_L12,113,5,train_loss,3.410780643507586
gate_config3_L12,113,0,val_loss,5.364939969474986
gate_config3_L12,113,1,val_loss,4.949740307816004
gate_config3_L12,113,2,val_loss,4.798675742189763
gate_config3_L12,113,3,val_loss,4.758128096491603
gate_config3_L12,113,4,val_loss,4.8067224763207514
gate_config3_L12,113,5,val_loss,4.87103124190185
gate_config3_L12,113,0,train_ppl,399.64646794694505
gate_config3_L12,113,1,train_ppl,143.33217134208977
gate_config3_L12,113,2,train_ppl,85.33801093338442
gate_config3_L12,113,3,train_ppl,57.538892796535826
gate_config3_L12,113,4,train_ppl,41.082410818741124
gate_config3_L12,113,5,train_ppl,30.2888798501216
gate_config3_L12,113,0,val_ppl,213.778401066087
gate_config3_L12,113,1,val_ppl,141.1383066467804
gate_config3_L12,113,2,val_ppl,121.34961289619892
gate_config3_L12,113,3,val_ppl,116.52759320333163
gate_config3_L12,113,4,val_ppl,122.33002021649314
gate_config3_L12,113,5,val_ppl,130.45537860600828
gate_config3_L12,192,0,train_loss,5.993630774445453
gate_config3_L12,192,1,train_loss,4.971967981528428
gate_config3_L12,192,2,train_loss,4.449375436720201
gate_config3_L12,192,3,train_loss,4.05282681978355
gate_config3_L12,192,4,train_loss,3.713017683791912
gate_config3_L12,192,5,train_loss,3.4077763768323397
gate_config3_L12,192,0,val_loss,5.349634104866093
gate_config3_L12,192,1,val_loss,4.935985361115407
gate_config3_L12,192,2,val_loss,4.7757904832646
gate_config3_L12,192,3,val_loss,4.741878990399635
gate_config3_L12,192,4,val_loss,4.785232618703681
gate_config3_L12,192,5,val_loss,4.876008960150056
gate_config3_L12,192,0,train_ppl,400.86743012120513
gate_config3_L12,192,1,train_ppl,144.3106087124723
gate_config3_L12,192,2,train_ppl,85.57348125438786
gate_config3_L12,192,3,train_ppl,57.55993885775035
gate_config3_L12,192,4,train_ppl,40.977276599906126
gate_config3_L12,192,5,train_ppl,30.198020528911222
gate_config3_L12,192,0,val_ppl,210.5312514116456
gate_config3_L12,192,1,val_ppl,139.21024733670535
gate_config3_L12,192,2,val_ppl,118.60403207727386
gate_config3_L12,192,3,val_ppl,114.64942458406846
gate_config3_L12,192,4,val_ppl,119.72921109862726
gate_config3_L12,192,5,val_ppl,131.10636760040464
